thesaurus,keyword,type
LTER controlled vocabulary,nutrients,theme
LTER controlled vocabulary,dissolved organic carbon,theme
LTER controlled vocabulary,dissolved organic nitrogen,theme
LTER controlled vocabulary,dissolved inorganic nitrogen,theme
LTER controlled vocabulary,rivers,theme
LTER controlled vocabulary,discharge,theme
LTER controlled vocabulary,water chemistry,theme
LTER controlled vocabulary,particulates,theme
LTER controlled vocabulary,nitrate,theme
LTER controlled vocabulary,nitrite,theme
LTER controlled vocabulary,ammonium,theme
LTER controlled vocabulary,anions,theme
LTER controlled vocabulary,cations,theme
LTER controlled vocabulary,chloride,theme
LTER controlled vocabulary,phosphorus,theme
LTER controlled vocabulary,nitrogen,theme
LTER controlled vocabulary,specific conductivity,theme
LTER controlled vocabulary,urban,theme
LTER controlled vocabulary,runoff,theme
LTER controlled vocabulary,watersheds,theme
LTER controlled vocabulary,total dissolved nitrogen,theme
LTER core areas,water and fluxes,theme
LTER core areas,parks and rivers,theme
LTER core areas,movement of organic matter,theme
LTER core areas,movement of inorganic matter,theme
Creator Defined Keyword Set,stormwater,theme
Creator Defined Keyword Set,catchment,theme
CAPLTER Keyword Set List,cap lter,theme
CAPLTER Keyword Set List,cap,theme
CAPLTER Keyword Set List,caplter,theme
CAPLTER Keyword Set List,central arizona phoenix long term ecological research,theme
CAPLTER Keyword Set List,arizona,place
CAPLTER Keyword Set List,az,place
CAPLTER Keyword Set List,arid land,theme
CAPLTER Keyword Set List,indian bend wash,place
